EMPRESA,SECUENCIA_ID,SECUENCIA_CODIGO,SECUENCIA_NOMBRE,TIPO,PASO_OPERACIONAL,OPL_CPASO,PERFIL,ESTADO_LOG_RELACIONADO,ZONA
1,74,RECEPCION_TERRAMAR,Recepción Terramar,RECEPCION,1,Pesaje Entrada,OPERADOR ROMANA,OPERACION_PLANTA_LOG: COMPLETADO / PENDIENTE,ROMANA
1,74,RECEPCION_TERRAMAR,Recepción Terramar,RECEPCION,2,Ciclo Descarga,ASISTENTE CD,OPERACION_PLANTA_LOG: COMPLETADO / PENDIENTE,DESCARGA
1,74,RECEPCION_TERRAMAR,Recepción Terramar,RECEPCION,3,Pesaje Salida,OPERADOR ROMANA,OPERACION_PLANTA_LOG: COMPLETADO / PENDIENTE,ROMANA
1,74,RECEPCION_TERRAMAR,Recepción Terramar,RECEPCION,4,Documentación,ASISTENTE RECEPCION,OPERACION_PLANTA_LOG: COMPLETADO / PENDIENTE,DOCUMENTACION
1,74,RECEPCION_TERRAMAR,Recepción Terramar,RECEPCION,5,Autorizar Salida,ASISTENTE DESPACHO,OPERACION_PLANTA_LOG: COMPLETADO / PENDIENTE,SALIDA
1,74,RECEPCION_TERRAMAR,Recepción Terramar,RECEPCION,6,Confirmar Salida,GUARDIA PORTERIA,OPERACION_PLANTA_LOG: COMPLETADO / PENDIENTE,SALIDA
1,76,DESPACHO_TERRAMAR,Despacho Terramar,DESPACHO,1,Pesaje Entrada,OPERADOR ROMANA,OPERACION_PLANTA_LOG: COMPLETADO / PENDIENTE,ROMANA
1,76,DESPACHO_TERRAMAR,Despacho Terramar,DESPACHO,2,Ciclo Carga,ASISTENTE CD,OPERACION_PLANTA_LOG: COMPLETADO / PENDIENTE,CARGA
1,76,DESPACHO_TERRAMAR,Despacho Terramar,DESPACHO,3,Pesaje Salida,OPERADOR ROMANA,OPERACION_PLANTA_LOG: COMPLETADO / PENDIENTE,ROMANA
1,76,DESPACHO_TERRAMAR,Despacho Terramar,DESPACHO,4,Documentación,ASISTENTE RECEPCION,OPERACION_PLANTA_LOG: COMPLETADO / PENDIENTE,DOCUMENTACION
1,76,DESPACHO_TERRAMAR,Despacho Terramar,DESPACHO,5,Autorizar Salida,ASISTENTE DESPACHO,OPERACION_PLANTA_LOG: COMPLETADO / PENDIENTE,SALIDA
1,76,DESPACHO_TERRAMAR,Despacho Terramar,DESPACHO,6,Confirmar Salida,GUARDIA PORTERIA,OPERACION_PLANTA_LOG: COMPLETADO / PENDIENTE,SALIDA
2,56,RECEPCION_ESTANQUE_SBH,Estanque SBH,RECEPCION,1,Pesaje Entrada,OPERADOR ROMANA,OPERACION_PLANTA_LOG: COMPLETADO / PENDIENTE,ROMANA
2,56,RECEPCION_ESTANQUE_SBH,Estanque SBH,RECEPCION,2,Toma de muestra,ASISTENTE C D,OPERACION_PLANTA_LOG: COMPLETADO / PENDIENTE,MUESTREO
2,56,RECEPCION_ESTANQUE_SBH,Estanque SBH,RECEPCION,3,Analisis y calidad,CALIDAD,OPERACION_PLANTA_LOG: COMPLETADO / PENDIENTE,ESPERA_CALIDAD
2,56,RECEPCION_ESTANQUE_SBH,Estanque SBH,RECEPCION,4,Resultado Calidad,ASISTENTE C D,OPERACION_PLANTA_LOG: COMPLETADO / PENDIENTE,ESPERA_CALIDAD
2,56,RECEPCION_ESTANQUE_SBH,Estanque SBH,RECEPCION,5,Ciclo Descarga,SALA CONTROL,OPERACION_PLANTA_LOG: COMPLETADO / PENDIENTE,DESCARGA
2,56,RECEPCION_ESTANQUE_SBH,Estanque SBH,RECEPCION,6,Pesaje Salida,OPERADOR ROMANA,OPERACION_PLANTA_LOG: COMPLETADO / PENDIENTE,ROMANA
2,56,RECEPCION_ESTANQUE_SBH,Estanque SBH,RECEPCION,7,Borrador SAP,ASISTENTE DE RECEPCION,OPERACION_PLANTA_LOG: COMPLETADO / PENDIENTE,Desactivado por workflow
2,56,RECEPCION_ESTANQUE_SBH,Estanque SBH,RECEPCION,8,Autorizar Salida,ASISTENTE DE RECEPCION,OPERACION_PLANTA_LOG: COMPLETADO / PENDIENTE,SALIDA
2,56,RECEPCION_ESTANQUE_SBH,Estanque SBH,RECEPCION,9,Confirmar Salida,GUARDIA PORTERIA,OPERACION_PLANTA_LOG: COMPLETADO / PENDIENTE,SALIDA
2,58,RECEPCION_TRASVASIJE,Trasvasije,RECEPCION,1,Pesaje Entrada,OPERADOR ROMANA,OPERACION_PLANTA_LOG: COMPLETADO / PENDIENTE,ROMANA
2,58,RECEPCION_TRASVASIJE,Trasvasije,RECEPCION,2,Toma de muestra,ASISTENTE C D,OPERACION_PLANTA_LOG: COMPLETADO / PENDIENTE,MUESTREO
2,58,RECEPCION_TRASVASIJE,Trasvasije,RECEPCION,3,Analisis y calidad,CALIDAD,OPERACION_PLANTA_LOG: COMPLETADO / PENDIENTE,ESPERA_CALIDAD
2,58,RECEPCION_TRASVASIJE,Trasvasije,RECEPCION,4,Resultado Calidad,ASISTENTE C D,OPERACION_PLANTA_LOG: COMPLETADO / PENDIENTE,ESPERA_CALIDAD
2,58,RECEPCION_TRASVASIJE,Trasvasije,RECEPCION,5,Ciclo Descarga,SALA CONTROL,OPERACION_PLANTA_LOG: COMPLETADO / PENDIENTE,DESCARGA
2,58,RECEPCION_TRASVASIJE,Trasvasije,RECEPCION,6,Pesaje Salida,OPERADOR ROMANA,OPERACION_PLANTA_LOG: COMPLETADO / PENDIENTE,ROMANA
2,58,RECEPCION_TRASVASIJE,Trasvasije,RECEPCION,7,Borrador SAP,ASISTENTE DE RECEPCION,OPERACION_PLANTA_LOG: COMPLETADO / PENDIENTE,Desactivado por workflow
2,58,RECEPCION_TRASVASIJE,Trasvasije,RECEPCION,8,Autorizar Salida,ASISTENTE DE RECEPCION,OPERACION_PLANTA_LOG: COMPLETADO / PENDIENTE,SALIDA
2,58,RECEPCION_TRASVASIJE,Trasvasije,RECEPCION,9,Confirmar Salida,GUARDIA PORTERIA,OPERACION_PLANTA_LOG: COMPLETADO / PENDIENTE,SALIDA
2,59,RECEPCION_PATIO_LF_CON_CALIDAD,Patio LF con Calidad,RECEPCION,1,Pesaje Entrada,OPERADOR ROMANA,OPERACION_PLANTA_LOG: COMPLETADO / PENDIENTE,ROMANA
2,59,RECEPCION_PATIO_LF_CON_CALIDAD,Patio LF con Calidad,RECEPCION,2,Toma de muestra,ASISTENTE C D,OPERACION_PLANTA_LOG: COMPLETADO / PENDIENTE,MUESTREO
2,59,RECEPCION_PATIO_LF_CON_CALIDAD,Patio LF con Calidad,RECEPCION,3,Analisis y calidad,CALIDAD,OPERACION_PLANTA_LOG: COMPLETADO / PENDIENTE,ESPERA_CALIDAD
2,59,RECEPCION_PATIO_LF_CON_CALIDAD,Patio LF con Calidad,RECEPCION,4,Resultado Calidad,ASISTENTE C D,OPERACION_PLANTA_LOG: COMPLETADO / PENDIENTE,ESPERA_CALIDAD
2,59,RECEPCION_PATIO_LF_CON_CALIDAD,Patio LF con Calidad,RECEPCION,5,Ciclo Descarga,SALA CONTROL,OPERACION_PLANTA_LOG: COMPLETADO / PENDIENTE,DESCARGA
2,59,RECEPCION_PATIO_LF_CON_CALIDAD,Patio LF con Calidad,RECEPCION,6,Pesaje Salida,OPERADOR ROMANA,OPERACION_PLANTA_LOG: COMPLETADO / PENDIENTE,ROMANA
2,59,RECEPCION_PATIO_LF_CON_CALIDAD,Patio LF con Calidad,RECEPCION,7,Borrador SAP,ASISTENTE DE RECEPCION,OPERACION_PLANTA_LOG: COMPLETADO / PENDIENTE,Desactivado por workflow
2,59,RECEPCION_PATIO_LF_CON_CALIDAD,Patio LF con Calidad,RECEPCION,8,Autorizar Salida,ASISTENTE DE RECEPCION,OPERACION_PLANTA_LOG: COMPLETADO / PENDIENTE,SALIDA
2,59,RECEPCION_PATIO_LF_CON_CALIDAD,Patio LF con Calidad,RECEPCION,9,Confirmar Salida,GUARDIA PORTERIA,OPERACION_PLANTA_LOG: COMPLETADO / PENDIENTE,SALIDA
2,60,RECEPCION_PATIO_LF_SIN_CALIDAD,Patio LF sin Calidad,RECEPCION,1,Pesaje Entrada,OPERADOR ROMANA,OPERACION_PLANTA_LOG: COMPLETADO / PENDIENTE,ROMANA
2,60,RECEPCION_PATIO_LF_SIN_CALIDAD,Patio LF sin Calidad,RECEPCION,2,Ciclo Descarga,SALA CONTROL,OPERACION_PLANTA_LOG: COMPLETADO / PENDIENTE,DESCARGA
2,60,RECEPCION_PATIO_LF_SIN_CALIDAD,Patio LF sin Calidad,RECEPCION,3,Pesaje Salida,OPERADOR ROMANA,OPERACION_PLANTA_LOG: COMPLETADO / PENDIENTE,ROMANA
2,60,RECEPCION_PATIO_LF_SIN_CALIDAD,Patio LF sin Calidad,RECEPCION,4,Borrador SAP,ASISTENTE DE RECEPCION,OPERACION_PLANTA_LOG: COMPLETADO / PENDIENTE,Desactivado por workflow
2,60,RECEPCION_PATIO_LF_SIN_CALIDAD,Patio LF sin Calidad,RECEPCION,5,Autorizar Salida,ASISTENTE DE RECEPCION,OPERACION_PLANTA_LOG: COMPLETADO / PENDIENTE,SALIDA
2,60,RECEPCION_PATIO_LF_SIN_CALIDAD,Patio LF sin Calidad,RECEPCION,6,Confirmar Salida,GUARDIA PORTERIA,OPERACION_PLANTA_LOG: COMPLETADO / PENDIENTE,SALIDA
2,61,EST_SBH_CLIENTE,Despacho desde Estanque SBH,DESPACHO,1,Pesaje Entrada,OPERADOR ROMANA,OPERACION_PLANTA_LOG: COMPLETADO / PENDIENTE,ROMANA
2,61,EST_SBH_CLIENTE,Despacho desde Estanque SBH,DESPACHO,2,Ciclo Descarga,SALA CONTROL,OPERACION_PLANTA_LOG: COMPLETADO / PENDIENTE,CARGA
2,61,EST_SBH_CLIENTE,Despacho desde Estanque SBH,DESPACHO,3,Pesaje Salida,OPERADOR ROMANA,OPERACION_PLANTA_LOG: COMPLETADO / PENDIENTE,ROMANA
2,61,EST_SBH_CLIENTE,Despacho desde Estanque SBH,DESPACHO,4,Cierre Proceso de Carga,Asistente_C_D,OPERACION_PLANTA_LOG: COMPLETADO / PENDIENTE,DOCUMENTACION
2,61,EST_SBH_CLIENTE,Despacho desde Estanque SBH,DESPACHO,5,Emision de documentos,ASISTENTE C D,OPERACION_PLANTA_LOG: COMPLETADO / PENDIENTE,DOCUMENTACION
2,61,EST_SBH_CLIENTE,Despacho desde Estanque SBH,DESPACHO,6,Autorizar Salida,ASISTENTE DE RECEPCION,OPERACION_PLANTA_LOG: COMPLETADO / PENDIENTE,SALIDA
2,61,EST_SBH_CLIENTE,Despacho desde Estanque SBH,DESPACHO,7,Confirmar Salida,GUARDIA PORTERIA,OPERACION_PLANTA_LOG: COMPLETADO / PENDIENTE,SALIDA
2,63,TRASVASIJE_CLIENTE,Despacho por Trasvasije,DESPACHO,1,Pesaje Entrada,OPERADOR ROMANA,OPERACION_PLANTA_LOG: COMPLETADO / PENDIENTE,ROMANA
2,63,TRASVASIJE_CLIENTE,Despacho por Trasvasije,DESPACHO,2,Ciclo Descarga,SALA CONTROL,OPERACION_PLANTA_LOG: COMPLETADO / PENDIENTE,CARGA
2,63,TRASVASIJE_CLIENTE,Despacho por Trasvasije,DESPACHO,3,Pesaje Salida,OPERADOR ROMANA,OPERACION_PLANTA_LOG: COMPLETADO / PENDIENTE,ROMANA
2,63,TRASVASIJE_CLIENTE,Despacho por Trasvasije,DESPACHO,4,Cierre Proceso de Carga,Asistente_C_D,OPERACION_PLANTA_LOG: COMPLETADO / PENDIENTE,DOCUMENTACION
2,63,TRASVASIJE_CLIENTE,Despacho por Trasvasije,DESPACHO,5,Emision de documentos,ASISTENTE C D,OPERACION_PLANTA_LOG: COMPLETADO / PENDIENTE,DOCUMENTACION
2,63,TRASVASIJE_CLIENTE,Despacho por Trasvasije,DESPACHO,6,Autorizar Salida,ASISTENTE DE RECEPCION,OPERACION_PLANTA_LOG: COMPLETADO / PENDIENTE,SALIDA
2,63,TRASVASIJE_CLIENTE,Despacho por Trasvasije,DESPACHO,7,Confirmar Salida,GUARDIA PORTERIA,OPERACION_PLANTA_LOG: COMPLETADO / PENDIENTE,SALIDA
2,64,BODEGA_PATIO_CLIENTE,Despacho desde Patio,DESPACHO,1,Pesaje Entrada,OPERADOR ROMANA,OPERACION_PLANTA_LOG: COMPLETADO / PENDIENTE,ROMANA
2,64,BODEGA_PATIO_CLIENTE,Despacho desde Patio,DESPACHO,2,Ciclo Descarga,SALA CONTROL,OPERACION_PLANTA_LOG: COMPLETADO / PENDIENTE,CARGA
2,64,BODEGA_PATIO_CLIENTE,Despacho desde Patio,DESPACHO,3,Pesaje Salida,OPERADOR ROMANA,OPERACION_PLANTA_LOG: COMPLETADO / PENDIENTE,ROMANA
2,64,BODEGA_PATIO_CLIENTE,Despacho desde Patio,DESPACHO,4,Cierre Proceso de Carga,Asistente_C_D,OPERACION_PLANTA_LOG: COMPLETADO / PENDIENTE,DOCUMENTACION
2,64,BODEGA_PATIO_CLIENTE,Despacho desde Patio,DESPACHO,5,Emision de documentos,ASISTENTE C D,OPERACION_PLANTA_LOG: COMPLETADO / PENDIENTE,DOCUMENTACION
2,64,BODEGA_PATIO_CLIENTE,Despacho desde Patio,DESPACHO,6,Autorizar Salida,ASISTENTE DE RECEPCION,OPERACION_PLANTA_LOG: COMPLETADO / PENDIENTE,SALIDA
2,64,BODEGA_PATIO_CLIENTE,Despacho desde Patio,DESPACHO,7,Confirmar Salida,GUARDIA PORTERIA,OPERACION_PLANTA_LOG: COMPLETADO / PENDIENTE,SALIDA
